gene	transcript	mut	strand	REF	ALT	chrom	pos
SRSF2	NM_003016.4	c.284C>G	-	G	C	chr17	76736877
TET2	NM_001127208.2	c.3909C>G	+	C	G	chr4	105259724
TET2	NM_001127208.2	c.2599T>C	+	T	C	chr4	105236541
TET2	NM_001127208.2	c.5167C>T	+	C	T	chr4	105275677
CBL	NM_005188.3	c.1112A>C	+	A	C	chr11	119278182
CBL	NM_005188.3	c.1211G>A	+	G	A	chr11	119278281
SF3B1	NM_012433.2	c.1998G>C	-	C	G	chr2	197402635
SF3B1	NM_012433.2	c.2111T>A	-	A	T	chr2	197402097
SF3B1	NM_012433.2	c.2098A>G	-	T	C	chr2	197402110
SF3B1	NM_012433.2	c.2219G>A	-	C	T	chr2	197401989
CUX1	NM_181552.3	c.1A>G	+	A	G	chr7	101817640
KRAS	NM_004985.4	c.38G>A	-	C	T	chr12	25245347
KRAS	NM_004985.4	c.108A>G	-	T	C	chr12	25245277
PTPN11	NM_002834.3	c.226G>A	+	G	A	chr12	112450406
PTPN11	NM_002834.3	c.174C>A	+	C	A	chr12	112450354
PTPN11	NM_002834.3	c.1504T>C	+	T	C	chr12	112489080
PTPN11	NM_002834.3	c.1508G>C	+	G	C	chr12	112489084
RUNX1	NM_001754.4	c.496dup	-	C	CG	chr21	34880568
RUNX1	NM_001754.4	c.592G>A	-	C	T	chr21	34859495
ASXL1	NM_015338.5	c.1762C>T	+	C	T	chr20	32434474
CALR	NM_004343.3	c.1154_1155insTTGTC	+	A	ATTGTC	chr19	12943813
ETV6	NM_001987.4	c.613dup	+	T	TC	chr12	11869567
JAK2	NM_004972.3	c.1849G>T	+	G	T	chr9	5073770
GATA2	NM_032638.4	c.58C>T	-	G	A	chr3	128486974
GATA2	NM_032638.4	c.953C>G	-	G	C	chr3	128483924
NRAS	NM_002524.4	c.35G>A	-	C	T	chr1	114716126
NRAS	NM_002524.4	c.38G>A	-	C	T	chr1	114716123
NRAS	NM_002524.4	c.182A>G	-	T	C	chr1	114713908
DNMT3A	NM_022552.4	c.2645G>A	-	C	T	chr2	25234373
FLT3	NM_004119.2	c.1780_1800dup	-	G	GATCATATTCATATTCTCTGAA	chr13	28034118
NPM1	NM_002520.6	c.860_863dup	+	C	CTCTG	chr5	171410539
FLT3	NM_004119.2	c.1747_1812dup	-	A	ACTCCCATTTGAGATCATATTCATATTCTCTGAAATCAACGTAGAAGTACTCATTATCTGAGGAGCC	chr13	28034106
